sample	file1	file2
DLC_0380-D74711	/DLC_0380-D74711.mrna.R1.fastq.gz	/DLC_0380-D74711.mrna.R2.fastq.gz
DLC_0126-D74642	/DLC_0126-D74642.mrna.R1.fastq.gz	/DLC_0126-D74642.mrna.R2.fastq.gz
DLC_0013-D74608	/DLC_0013-D74608.mrna.R1.fastq.gz	/DLC_0013-D74608.mrna.R2.fastq.gz
CCS_0499-D76312	/CCS_0499-D76312.mrna.R1.fastq.gz	/CCS_0499-D76312.mrna.R2.fastq.gz
DLC_0016-D74609	/DLC_0016-D74609.mrna.R1.fastq.gz	/DLC_0016-D74609.mrna.R2.fastq.gz
CCS_0007-F00226	/CCS_0007-F00226.mrna.R1.fastq.gz	/CCS_0007-F00226.mrna.R2.fastq.gz
CCS_1193-F115548	/CCS_1193-F115548.mrna.R1.fastq.gz	/CCS_1193-F115548.mrna.R2.fastq.gz
CLC02067-F54439	/CLC02067-F54439.mrna.R1.fastq.gz	/CLC02067-F54439.mrna.R2.fastq.gz
DLC_0062-A61319	/DLC_0062-A61319.mrna.R1.fastq.gz	/DLC_0062-A61319.mrna.R2.fastq.gz
DLC_0062-D74622	/DLC_0062-D74622.mrna.R1.fastq.gz	/DLC_0062-D74622.mrna.R2.fastq.gz
DLC_0294-D74695	/DLC_0294-D74695.mrna.R1.fastq.gz	/DLC_0294-D74695.mrna.R2.fastq.gz
CLC01982-F80164	/CLC01982-F80164.mrna.R1.fastq.gz	/CLC01982-F80164.mrna.R2.fastq.gz
CCS_1578-D76309	/CCS_1578-D76309.mrna.R1.fastq.gz	/CCS_1578-D76309.mrna.R2.fastq.gz
04-29264T_rd	/04-29264T_rd.mrna.R1.fastq.gz	/04-29264T_rd.mrna.R2.fastq.gz
FL3005T1	/FL3005T1.mrna.R1.fastq.gz	/FL3005T1.mrna.R2.fastq.gz
DLC_0267-D74690	/DLC_0267-D74690.mrna.R1.fastq.gz	/DLC_0267-D74690.mrna.R2.fastq.gz
05-18426T_rd	/05-18426T_rd.mrna.R1.fastq.gz	/05-18426T_rd.mrna.R2.fastq.gz
05-23110T_rd	/05-23110T_rd.mrna.R1.fastq.gz	/05-23110T_rd.mrna.R2.fastq.gz
DLC_0113-D74636	/DLC_0113-D74636.mrna.R1.fastq.gz	/DLC_0113-D74636.mrna.R2.fastq.gz
CCS_0024-B38409	/CCS_0024-B38409.mrna.R1.fastq.gz	/CCS_0024-B38409.mrna.R2.fastq.gz
CCS_1158-D99066	/CCS_1158-D99066.mrna.R1.fastq.gz	/CCS_1158-D99066.mrna.R2.fastq.gz
DLC_0326-F117029	/DLC_0326-F117029.mrna.R1.fastq.gz	/DLC_0326-F117029.mrna.R2.fastq.gz
CCS_1136-D76314	/CCS_1136-D76314.mrna.R1.fastq.gz	/CCS_1136-D76314.mrna.R2.fastq.gz
CCS_1315-F115533	/CCS_1315-F115533.mrna.R1.fastq.gz	/CCS_1315-F115533.mrna.R2.fastq.gz
DLC_0213-D74678	/DLC_0213-D74678.mrna.R1.fastq.gz	/DLC_0213-D74678.mrna.R2.fastq.gz
CCS_0933-D85832	/CCS_0933-D85832.mrna.R1.fastq.gz	/CCS_0933-D85832.mrna.R2.fastq.gz
CCS_0031-D85824	/CCS_0031-D85824.mrna.R1.fastq.gz	/CCS_0031-D85824.mrna.R2.fastq.gz
DLC_0149-F80087	/DLC_0149-F80087.mrna.R1.fastq.gz	/DLC_0149-F80087.mrna.R2.fastq.gz
CCS_1522-D85892	/CCS_1522-D85892.mrna.R1.fastq.gz	/CCS_1522-D85892.mrna.R2.fastq.gz
DLC_0168-D74666	/DLC_0168-D74666.mrna.R1.fastq.gz	/DLC_0168-D74666.mrna.R2.fastq.gz
CCS_1574-D76315	/CCS_1574-D76315.mrna.R1.fastq.gz	/CCS_1574-D76315.mrna.R2.fastq.gz
CCS_0954-D85834	/CCS_0954-D85834.mrna.R1.fastq.gz	/CCS_0954-D85834.mrna.R2.fastq.gz
CCS_0396-B22700	/CCS_0396-B22700.mrna.R1.fastq.gz	/CCS_0396-B22700.mrna.R2.fastq.gz
DLC_0140-D74645	/DLC_0140-D74645.mrna.R1.fastq.gz	/DLC_0140-D74645.mrna.R2.fastq.gz
06-16716T_rd	/06-16716T_rd.mrna.R1.fastq.gz	/06-16716T_rd.mrna.R2.fastq.gz
DLC_0357-D85881	/DLC_0357-D85881.mrna.R1.fastq.gz	/DLC_0357-D85881.mrna.R2.fastq.gz
DLC_0357-D74705	/DLC_0357-D74705.mrna.R1.fastq.gz	/DLC_0357-D74705.mrna.R2.fastq.gz
CCS_0941-F117032	/CCS_0941-F117032.mrna.R1.fastq.gz	/CCS_0941-F117032.mrna.R2.fastq.gz
CCS_0600-B38474	/CCS_0600-B38474.mrna.R1.fastq.gz	/CCS_0600-B38474.mrna.R2.fastq.gz
CCS_1322-D85884	/CCS_1322-D85884.mrna.R1.fastq.gz	/CCS_1322-D85884.mrna.R2.fastq.gz
DLC_0171-D74668	/DLC_0171-D74668.mrna.R1.fastq.gz	/DLC_0171-D74668.mrna.R2.fastq.gz
CCS_0042-B38410	/CCS_0042-B38410.mrna.R1.fastq.gz	/CCS_0042-B38410.mrna.R2.fastq.gz
CCS_0959-F115537	/CCS_0959-F115537.mrna.R1.fastq.gz	/CCS_0959-F115537.mrna.R2.fastq.gz
CLC00777-D85859	/CLC00777-D85859.mrna.R1.fastq.gz	/CLC00777-D85859.mrna.R2.fastq.gz
CCS_0949-D85876	/CCS_0949-D85876.mrna.R1.fastq.gz	/CCS_0949-D85876.mrna.R2.fastq.gz
CCS_1524-D85887	/CCS_1524-D85887.mrna.R1.fastq.gz	/CCS_1524-D85887.mrna.R2.fastq.gz
DLC_0202-D74673	/DLC_0202-D74673.mrna.R1.fastq.gz	/DLC_0202-D74673.mrna.R2.fastq.gz
CCS_1446-D76316	/CCS_1446-D76316.mrna.R1.fastq.gz	/CCS_1446-D76316.mrna.R2.fastq.gz
CLC00275-D85838	/CLC00275-D85838.mrna.R1.fastq.gz	/CLC00275-D85838.mrna.R2.fastq.gz
CLC00276-D85839	/CLC00276-D85839.mrna.R1.fastq.gz	/CLC00276-D85839.mrna.R2.fastq.gz
CLC00277-D85840	/CLC00277-D85840.mrna.R1.fastq.gz	/CLC00277-D85840.mrna.R2.fastq.gz
CCS_1466-F115543	/CCS_1466-F115543.mrna.R1.fastq.gz	/CCS_1466-F115543.mrna.R2.fastq.gz
CCS_1453-D85972	/CCS_1453-D85972.mrna.R1.fastq.gz	/CCS_1453-D85972.mrna.R2.fastq.gz
CCS_1527-D85888	/CCS_1527-D85888.mrna.R1.fastq.gz	/CCS_1527-D85888.mrna.R2.fastq.gz
DLC_0154-D74650	/DLC_0154-D74650.mrna.R1.fastq.gz	/DLC_0154-D74650.mrna.R2.fastq.gz
CCS_0608-D76297	/CCS_0608-D76297.mrna.R1.fastq.gz	/CCS_0608-D76297.mrna.R2.fastq.gz
DLC_0359-D74706	/DLC_0359-D74706.mrna.R1.fastq.gz	/DLC_0359-D74706.mrna.R2.fastq.gz
CCS_0430-D76310	/CCS_0430-D76310.mrna.R1.fastq.gz	/CCS_0430-D76310.mrna.R2.fastq.gz
CCS_1508-D99072	/CCS_1508-D99072.mrna.R1.fastq.gz	/CCS_1508-D99072.mrna.R2.fastq.gz
CCS_0722-D85835	/CCS_0722-D85835.mrna.R1.fastq.gz	/CCS_0722-D85835.mrna.R2.fastq.gz
CCS_0891-F117031	/CCS_0891-F117031.mrna.R1.fastq.gz	/CCS_0891-F117031.mrna.R2.fastq.gz
CCS_0063-F109242	/CCS_0063-F109242.mrna.R1.fastq.gz	/CCS_0063-F109242.mrna.R2.fastq.gz
CCS_0617-D76324	/CCS_0617-D76324.mrna.R1.fastq.gz	/CCS_0617-D76324.mrna.R2.fastq.gz
CCS_0070-D76303	/CCS_0070-D76303.mrna.R1.fastq.gz	/CCS_0070-D76303.mrna.R2.fastq.gz
DLC_0344-D74704	/DLC_0344-D74704.mrna.R1.fastq.gz	/DLC_0344-D74704.mrna.R2.fastq.gz
CCS_0889-D76317	/CCS_0889-D76317.mrna.R1.fastq.gz	/CCS_0889-D76317.mrna.R2.fastq.gz
CCS_0624-D76311	/CCS_0624-D76311.mrna.R1.fastq.gz	/CCS_0624-D76311.mrna.R2.fastq.gz
CCS_0545-F80083	/CCS_0545-F80083.mrna.R1.fastq.gz	/CCS_0545-F80083.mrna.R2.fastq.gz
DLC_0313-D74696	/DLC_0313-D74696.mrna.R1.fastq.gz	/DLC_0313-D74696.mrna.R2.fastq.gz
CCS_1328-D99068	/CCS_1328-D99068.mrna.R1.fastq.gz	/CCS_1328-D99068.mrna.R2.fastq.gz
CLC00404-D85852	/CLC00404-D85852.mrna.R1.fastq.gz	/CLC00404-D85852.mrna.R2.fastq.gz
CCS_1379-D85886	/CCS_1379-D85886.mrna.R1.fastq.gz	/CCS_1379-D85886.mrna.R2.fastq.gz
CCS_1113-D99064	/CCS_1113-D99064.mrna.R1.fastq.gz	/CCS_1113-D99064.mrna.R2.fastq.gz
CCS_0807-D85872	/CCS_0807-D85872.mrna.R1.fastq.gz	/CCS_0807-D85872.mrna.R2.fastq.gz
CCS_0628-F115523	/CCS_0628-F115523.mrna.R1.fastq.gz	/CCS_0628-F115523.mrna.R2.fastq.gz
DLC_0282-D74693	/DLC_0282-D74693.mrna.R1.fastq.gz	/DLC_0282-D74693.mrna.R2.fastq.gz
CCS_1333-D99069	/CCS_1333-D99069.mrna.R1.fastq.gz	/CCS_1333-D99069.mrna.R2.fastq.gz
CCS_0762-D76318	/CCS_0762-D76318.mrna.R1.fastq.gz	/CCS_0762-D76318.mrna.R2.fastq.gz
CCS_1252-D76319	/CCS_1252-D76319.mrna.R1.fastq.gz	/CCS_1252-D76319.mrna.R2.fastq.gz
CCS_0389-B38414	/CCS_0389-B38414.mrna.R1.fastq.gz	/CCS_0389-B38414.mrna.R2.fastq.gz
CCS_1257-D76320	/CCS_1257-D76320.mrna.R1.fastq.gz	/CCS_1257-D76320.mrna.R2.fastq.gz
CCS_1025-D85879	/CCS_1025-D85879.mrna.R1.fastq.gz	/CCS_1025-D85879.mrna.R2.fastq.gz
DLC_0252-D74686	/DLC_0252-D74686.mrna.R1.fastq.gz	/DLC_0252-D74686.mrna.R2.fastq.gz
CCS_0087-B22691	/CCS_0087-B22691.mrna.R1.fastq.gz	/CCS_0087-B22691.mrna.R2.fastq.gz
CCS_2042-F115549	/CCS_2042-F115549.mrna.R1.fastq.gz	/CCS_2042-F115549.mrna.R2.fastq.gz
CCS_1284-D76321	/CCS_1284-D76321.mrna.R1.fastq.gz	/CCS_1284-D76321.mrna.R2.fastq.gz
DLC_0269-D74692	/DLC_0269-D74692.mrna.R1.fastq.gz	/DLC_0269-D74692.mrna.R2.fastq.gz
CCS_1342-D99070	/CCS_1342-D99070.mrna.R1.fastq.gz	/CCS_1342-D99070.mrna.R2.fastq.gz
CCS_0465-D85827	/CCS_0465-D85827.mrna.R1.fastq.gz	/CCS_0465-D85827.mrna.R2.fastq.gz
DLC_0166-D74654	/DLC_0166-D74654.mrna.R1.fastq.gz	/DLC_0166-D74654.mrna.R2.fastq.gz
CCS_0093-D76304	/CCS_0093-D76304.mrna.R1.fastq.gz	/CCS_0093-D76304.mrna.R2.fastq.gz
CCS_1304-D85833	/CCS_1304-D85833.mrna.R1.fastq.gz	/CCS_1304-D85833.mrna.R2.fastq.gz
DLC_0364-D74707	/DLC_0364-D74707.mrna.R1.fastq.gz	/DLC_0364-D74707.mrna.R2.fastq.gz
CCS_0099-B38411	/CCS_0099-B38411.mrna.R1.fastq.gz	/CCS_0099-B38411.mrna.R2.fastq.gz
CCS_0764-F115535	/CCS_0764-F115535.mrna.R1.fastq.gz	/CCS_0764-F115535.mrna.R2.fastq.gz
CCS_1345-D99071	/CCS_1345-D99071.mrna.R1.fastq.gz	/CCS_1345-D99071.mrna.R2.fastq.gz
CLC01963-F54418	/CLC01963-F54418.mrna.R1.fastq.gz	/CLC01963-F54418.mrna.R2.fastq.gz
CCS_1115-D99065	/CCS_1115-D99065.mrna.R1.fastq.gz	/CCS_1115-D99065.mrna.R2.fastq.gz
09-41082T_rd	/09-41082T_rd.mrna.R1.fastq.gz	/09-41082T_rd.mrna.R2.fastq.gz
CCS_0898-F80084	/CCS_0898-F80084.mrna.R1.fastq.gz	/CCS_0898-F80084.mrna.R2.fastq.gz
CCS_0655-D76298	/CCS_0655-D76298.mrna.R1.fastq.gz	/CCS_0655-D76298.mrna.R2.fastq.gz
CCS_1052-D99063	/CCS_1052-D99063.mrna.R1.fastq.gz	/CCS_1052-D99063.mrna.R2.fastq.gz
CCS_1493-D85891	/CCS_1493-D85891.mrna.R1.fastq.gz	/CCS_1493-D85891.mrna.R2.fastq.gz
CCS_0656-D85826	/CCS_0656-D85826.mrna.R1.fastq.gz	/CCS_0656-D85826.mrna.R2.fastq.gz
DLC_0097-D74631	/DLC_0097-D74631.mrna.R1.fastq.gz	/DLC_0097-D74631.mrna.R2.fastq.gz
10-18191T_rd	/10-18191T_rd.mrna.R1.fastq.gz	/10-18191T_rd.mrna.R2.fastq.gz
CLC00813-D85855	/CLC00813-D85855.mrna.R1.fastq.gz	/CLC00813-D85855.mrna.R2.fastq.gz
CLC00522-D85858	/CLC00522-D85858.mrna.R1.fastq.gz	/CLC00522-D85858.mrna.R2.fastq.gz
CCS_0120-D85825	/CCS_0120-D85825.mrna.R1.fastq.gz	/CCS_0120-D85825.mrna.R2.fastq.gz
DLC_0146-D74648	/DLC_0146-D74648.mrna.R1.fastq.gz	/DLC_0146-D74648.mrna.R2.fastq.gz
CCS_0126-D76305	/CCS_0126-D76305.mrna.R1.fastq.gz	/CCS_0126-D76305.mrna.R2.fastq.gz
CCS_0138-B38426	/CCS_0138-B38426.mrna.R1.fastq.gz	/CCS_0138-B38426.mrna.R2.fastq.gz
CCS_0142-D76326	/CCS_0142-D76326.mrna.R1.fastq.gz	/CCS_0142-D76326.mrna.R2.fastq.gz
CCS_0149-F115522	/CCS_0149-F115522.mrna.R1.fastq.gz	/CCS_0149-F115522.mrna.R2.fastq.gz
CLC00345-D85848	/CLC00345-D85848.mrna.R1.fastq.gz	/CLC00345-D85848.mrna.R2.fastq.gz
CCS_0171-D76301	/CCS_0171-D76301.mrna.R1.fastq.gz	/CCS_0171-D76301.mrna.R2.fastq.gz
DLC_0224-D74682	/DLC_0224-D74682.mrna.R1.fastq.gz	/DLC_0224-D74682.mrna.R2.fastq.gz
CCS_0186-D99412	/CCS_0186-D99412.mrna.R1.fastq.gz	/CCS_0186-D99412.mrna.R2.fastq.gz
CCS_0194-B22693	/CCS_0194-B22693.mrna.R1.fastq.gz	/CCS_0194-B22693.mrna.R2.fastq.gz
CCS_0200-D76327	/CCS_0200-D76327.mrna.R1.fastq.gz	/CCS_0200-D76327.mrna.R2.fastq.gz
CCS_0212-D76308	/CCS_0212-D76308.mrna.R1.fastq.gz	/CCS_0212-D76308.mrna.R2.fastq.gz
CCS_0235-B78366	/CCS_0235-B78366.mrna.R1.fastq.gz	/CCS_0235-B78366.mrna.R2.fastq.gz
CCS_0265-D85969	/CCS_0265-D85969.mrna.R1.fastq.gz	/CCS_0265-D85969.mrna.R2.fastq.gz
DLC_0044-D74618	/DLC_0044-D74618.mrna.R1.fastq.gz	/DLC_0044-D74618.mrna.R2.fastq.gz
CCS_0277-B38412	/CCS_0277-B38412.mrna.R1.fastq.gz	/CCS_0277-B38412.mrna.R2.fastq.gz
CCS_0285-D76331	/CCS_0285-D76331.mrna.R1.fastq.gz	/CCS_0285-D76331.mrna.R2.fastq.gz
DLC_0341-D74703	/DLC_0341-D74703.mrna.R1.fastq.gz	/DLC_0341-D74703.mrna.R2.fastq.gz
CLC01967-F80180	/CLC01967-F80180.mrna.R1.fastq.gz	/CLC01967-F80180.mrna.R2.fastq.gz
DLC_0039-D74616	/DLC_0039-D74616.mrna.R1.fastq.gz	/DLC_0039-D74616.mrna.R2.fastq.gz
DLC_0208-D74677	/DLC_0208-D74677.mrna.R1.fastq.gz	/DLC_0208-D74677.mrna.R2.fastq.gz
CLC00284-D85843	/CLC00284-D85843.mrna.R1.fastq.gz	/CLC00284-D85843.mrna.R2.fastq.gz
CCS_0303-B22694	/CCS_0303-B22694.mrna.R1.fastq.gz	/CCS_0303-B22694.mrna.R2.fastq.gz
CLC00285-D85844	/CLC00285-D85844.mrna.R1.fastq.gz	/CLC00285-D85844.mrna.R2.fastq.gz
CLC02068-F54440	/CLC02068-F54440.mrna.R1.fastq.gz	/CLC02068-F54440.mrna.R2.fastq.gz
CCS_0395-B22728	/CCS_0395-B22728.mrna.R1.fastq.gz	/CCS_0395-B22728.mrna.R2.fastq.gz
CLC01983-F80190	/CLC01983-F80190.mrna.R1.fastq.gz	/CLC01983-F80190.mrna.R2.fastq.gz
CLC00348-D85849	/CLC00348-D85849.mrna.R1.fastq.gz	/CLC00348-D85849.mrna.R2.fastq.gz
CCS_0308-B22695	/CCS_0308-B22695.mrna.R1.fastq.gz	/CCS_0308-B22695.mrna.R2.fastq.gz
CLC02076-F80197	/CLC02076-F80197.mrna.R1.fastq.gz	/CLC02076-F80197.mrna.R2.fastq.gz
CCS_0320-B22724	/CCS_0320-B22724.mrna.R1.fastq.gz	/CCS_0320-B22724.mrna.R2.fastq.gz
CLC00289-D85845	/CLC00289-D85845.mrna.R1.fastq.gz	/CLC00289-D85845.mrna.R2.fastq.gz
GE0142-F80165	/GE0142-F80165.mrna.R1.fastq.gz	/GE0142-F80165.mrna.R2.fastq.gz
CCS_0328-B22696	/CCS_0328-B22696.mrna.R1.fastq.gz	/CCS_0328-B22696.mrna.R2.fastq.gz
CLC02133-F80218	/CLC02133-F80218.mrna.R1.fastq.gz	/CLC02133-F80218.mrna.R2.fastq.gz
CCS_0390-B65881	/CCS_0390-B65881.mrna.R1.fastq.gz	/CCS_0390-B65881.mrna.R2.fastq.gz
14-41250_CLC03290	/14-41250_CLC03290.mrna.R1.fastq.gz	/14-41250_CLC03290.mrna.R2.fastq.gz
CLC02020-F80170	/CLC02020-F80170.mrna.R1.fastq.gz	/CLC02020-F80170.mrna.R2.fastq.gz
CLC02075-F54442	/CLC02075-F54442.mrna.R1.fastq.gz	/CLC02075-F54442.mrna.R2.fastq.gz
CCS_0343-B38413	/CCS_0343-B38413.mrna.R1.fastq.gz	/CCS_0343-B38413.mrna.R2.fastq.gz
CLC02021-F80171	/CLC02021-F80171.mrna.R1.fastq.gz	/CLC02021-F80171.mrna.R2.fastq.gz
CLC01972-F54392	/CLC01972-F54392.mrna.R1.fastq.gz	/CLC01972-F54392.mrna.R2.fastq.gz
CLC02071-F54441	/CLC02071-F54441.mrna.R1.fastq.gz	/CLC02071-F54441.mrna.R2.fastq.gz
CLC02053-F80175	/CLC02053-F80175.mrna.R1.fastq.gz	/CLC02053-F80175.mrna.R2.fastq.gz
CCS_0361-B22697	/CCS_0361-B22697.mrna.R1.fastq.gz	/CCS_0361-B22697.mrna.R2.fastq.gz
CLC01962-F54417	/CLC01962-F54417.mrna.R1.fastq.gz	/CLC01962-F54417.mrna.R2.fastq.gz
CCS_0363-B22698	/CCS_0363-B22698.mrna.R1.fastq.gz	/CCS_0363-B22698.mrna.R2.fastq.gz
CLC02057-F54433	/CLC02057-F54433.mrna.R1.fastq.gz	/CLC02057-F54433.mrna.R2.fastq.gz
CCS_0391-B22699	/CCS_0391-B22699.mrna.R1.fastq.gz	/CCS_0391-B22699.mrna.R2.fastq.gz
CLC02026-F80172	/CLC02026-F80172.mrna.R1.fastq.gz	/CLC02026-F80172.mrna.R2.fastq.gz
CLC01980-F54396	/CLC01980-F54396.mrna.R1.fastq.gz	/CLC01980-F54396.mrna.R2.fastq.gz
CLC00355-D85851	/CLC00355-D85851.mrna.R1.fastq.gz	/CLC00355-D85851.mrna.R2.fastq.gz
CLC02059-F80193	/CLC02059-F80193.mrna.R1.fastq.gz	/CLC02059-F80193.mrna.R2.fastq.gz
CLC02033-F54407	/CLC02033-F54407.mrna.R1.fastq.gz	/CLC02033-F54407.mrna.R2.fastq.gz
CLC01993-F54400	/CLC01993-F54400.mrna.R1.fastq.gz	/CLC01993-F54400.mrna.R2.fastq.gz
CLC02065-F54438	/CLC02065-F54438.mrna.R1.fastq.gz	/CLC02065-F54438.mrna.R2.fastq.gz
CLC00344-D85856	/CLC00344-D85856.mrna.R1.fastq.gz	/CLC00344-D85856.mrna.R2.fastq.gz
CLC02080-F80201	/CLC02080-F80201.mrna.R1.fastq.gz	/CLC02080-F80201.mrna.R2.fastq.gz
CLC02001-F54401	/CLC02001-F54401.mrna.R1.fastq.gz	/CLC02001-F54401.mrna.R2.fastq.gz
CLC01992-F54399	/CLC01992-F54399.mrna.R1.fastq.gz	/CLC01992-F54399.mrna.R2.fastq.gz
CCS_2011-B76970	/CCS_2011-B76970.mrna.R1.fastq.gz	/CCS_2011-B76970.mrna.R2.fastq.gz
CLC01956-F80178	/CLC01956-F80178.mrna.R1.fastq.gz	/CLC01956-F80178.mrna.R2.fastq.gz
CLC00340-D85847	/CLC00340-D85847.mrna.R1.fastq.gz	/CLC00340-D85847.mrna.R2.fastq.gz
CLC00346-D85863	/CLC00346-D85863.mrna.R1.fastq.gz	/CLC00346-D85863.mrna.R2.fastq.gz
CLC02085-F80176	/CLC02085-F80176.mrna.R1.fastq.gz	/CLC02085-F80176.mrna.R2.fastq.gz
CLC01969-F54391	/CLC01969-F54391.mrna.R1.fastq.gz	/CLC01969-F54391.mrna.R2.fastq.gz
CCS_2012-B76971	/CCS_2012-B76971.mrna.R1.fastq.gz	/CCS_2012-B76971.mrna.R2.fastq.gz
CLC02070-F54430	/CLC02070-F54430.mrna.R1.fastq.gz	/CLC02070-F54430.mrna.R2.fastq.gz
CLC01996-F54419	/CLC01996-F54419.mrna.R1.fastq.gz	/CLC01996-F54419.mrna.R2.fastq.gz
CLC02069-F54429	/CLC02069-F54429.mrna.R1.fastq.gz	/CLC02069-F54429.mrna.R2.fastq.gz
CLC02030-F54406	/CLC02030-F54406.mrna.R1.fastq.gz	/CLC02030-F54406.mrna.R2.fastq.gz
CLC02081-F54443	/CLC02081-F54443.mrna.R1.fastq.gz	/CLC02081-F54443.mrna.R2.fastq.gz
CLC02040-F80173	/CLC02040-F80173.mrna.R1.fastq.gz	/CLC02040-F80173.mrna.R2.fastq.gz
CLC01977-F54394	/CLC01977-F54394.mrna.R1.fastq.gz	/CLC01977-F54394.mrna.R2.fastq.gz
CCS_0902-F115532	/CCS_0902-F115532.mrna.R1.fastq.gz	/CCS_0902-F115532.mrna.R2.fastq.gz
CLC02058-F80192	/CLC02058-F80192.mrna.R1.fastq.gz	/CLC02058-F80192.mrna.R2.fastq.gz
CCS_1168-D99067	/CCS_1168-D99067.mrna.R1.fastq.gz	/CCS_1168-D99067.mrna.R2.fastq.gz
CCS_1879-D76322	/CCS_1879-D76322.mrna.R1.fastq.gz	/CCS_1879-D76322.mrna.R2.fastq.gz
CCS_1526-D76323	/CCS_1526-D76323.mrna.R1.fastq.gz	/CCS_1526-D76323.mrna.R2.fastq.gz
CCS_1014-D85878	/CCS_1014-D85878.mrna.R1.fastq.gz	/CCS_1014-D85878.mrna.R2.fastq.gz
CCS_1832-D85889	/CCS_1832-D85889.mrna.R1.fastq.gz	/CCS_1832-D85889.mrna.R2.fastq.gz
DLC_0147-D74649	/DLC_0147-D74649.mrna.R1.fastq.gz	/DLC_0147-D74649.mrna.R2.fastq.gz
CLC02009-F80167	/CLC02009-F80167.mrna.R1.fastq.gz	/CLC02009-F80167.mrna.R2.fastq.gz
97-14402T_rd	/97-14402T_rd.mrna.R1.fastq.gz	/97-14402T_rd.mrna.R2.fastq.gz
CCS_0767-D85971	/CCS_0767-D85971.mrna.R1.fastq.gz	/CCS_0767-D85971.mrna.R2.fastq.gz
SPECS_4830-D77012	/SPECS_4830-D77012.mrna.R1.fastq.gz	/SPECS_4830-D77012.mrna.R2.fastq.gz
SPECS_4831-D76988	/SPECS_4831-D76988.mrna.R1.fastq.gz	/SPECS_4831-D76988.mrna.R2.fastq.gz
SPECS_4833-D76982	/SPECS_4833-D76982.mrna.R1.fastq.gz	/SPECS_4833-D76982.mrna.R2.fastq.gz
SPECS_4836-D76984	/SPECS_4836-D76984.mrna.R1.fastq.gz	/SPECS_4836-D76984.mrna.R2.fastq.gz
SPECS_4837-D76995	/SPECS_4837-D76995.mrna.R1.fastq.gz	/SPECS_4837-D76995.mrna.R2.fastq.gz
SPECS_4841-D77003	/SPECS_4841-D77003.mrna.R1.fastq.gz	/SPECS_4841-D77003.mrna.R2.fastq.gz
SPECS_4842-D77004	/SPECS_4842-D77004.mrna.R1.fastq.gz	/SPECS_4842-D77004.mrna.R2.fastq.gz
SPECS_4844-D77002	/SPECS_4844-D77002.mrna.R1.fastq.gz	/SPECS_4844-D77002.mrna.R2.fastq.gz
SPECS_4848-D77001	/SPECS_4848-D77001.mrna.R1.fastq.gz	/SPECS_4848-D77001.mrna.R2.fastq.gz
SPECS_4893-B94627	/SPECS_4893-B94627.mrna.R1.fastq.gz	/SPECS_4893-B94627.mrna.R2.fastq.gz
SPECS_4894-B94628	/SPECS_4894-B94628.mrna.R1.fastq.gz	/SPECS_4894-B94628.mrna.R2.fastq.gz
SPECS_4896-B94630	/SPECS_4896-B94630.mrna.R1.fastq.gz	/SPECS_4896-B94630.mrna.R2.fastq.gz
SPECS_4899-B94633	/SPECS_4899-B94633.mrna.R1.fastq.gz	/SPECS_4899-B94633.mrna.R2.fastq.gz
SPECS_4902-B94636	/SPECS_4902-B94636.mrna.R1.fastq.gz	/SPECS_4902-B94636.mrna.R2.fastq.gz
SPECS_4903-B94637	/SPECS_4903-B94637.mrna.R1.fastq.gz	/SPECS_4903-B94637.mrna.R2.fastq.gz
SPECS_4904-B94638	/SPECS_4904-B94638.mrna.R1.fastq.gz	/SPECS_4904-B94638.mrna.R2.fastq.gz
SPECS_4908-D76994	/SPECS_4908-D76994.mrna.R1.fastq.gz	/SPECS_4908-D76994.mrna.R2.fastq.gz
SPECS_4993-D99163	/SPECS_4993-D99163.mrna.R1.fastq.gz	/SPECS_4993-D99163.mrna.R2.fastq.gz
SPECS_5000-D99169	/SPECS_5000-D99169.mrna.R1.fastq.gz	/SPECS_5000-D99169.mrna.R2.fastq.gz
SPECS_5012-D99180	/SPECS_5012-D99180.mrna.R1.fastq.gz	/SPECS_5012-D99180.mrna.R2.fastq.gz
SPECS_5013-D99181	/SPECS_5013-D99181.mrna.R1.fastq.gz	/SPECS_5013-D99181.mrna.R2.fastq.gz
SPECS_5074-D76965	/SPECS_5074-D76965.mrna.R1.fastq.gz	/SPECS_5074-D76965.mrna.R2.fastq.gz
SPECS_5075-D76966	/SPECS_5075-D76966.mrna.R1.fastq.gz	/SPECS_5075-D76966.mrna.R2.fastq.gz
SPECS_5077-D76968	/SPECS_5077-D76968.mrna.R1.fastq.gz	/SPECS_5077-D76968.mrna.R2.fastq.gz
SPECS_5078-D76969	/SPECS_5078-D76969.mrna.R1.fastq.gz	/SPECS_5078-D76969.mrna.R2.fastq.gz
SPECS_5084-D76974	/SPECS_5084-D76974.mrna.R1.fastq.gz	/SPECS_5084-D76974.mrna.R2.fastq.gz
SPECS_5085-D76975	/SPECS_5085-D76975.mrna.R1.fastq.gz	/SPECS_5085-D76975.mrna.R2.fastq.gz
SPECS_5089-D76976	/SPECS_5089-D76976.mrna.R1.fastq.gz	/SPECS_5089-D76976.mrna.R2.fastq.gz
SPECS_5090-D76977	/SPECS_5090-D76977.mrna.R1.fastq.gz	/SPECS_5090-D76977.mrna.R2.fastq.gz
SPECS_5198-D99076	/SPECS_5198-D99076.mrna.R1.fastq.gz	/SPECS_5198-D99076.mrna.R2.fastq.gz
SPECS_5222-D99078	/SPECS_5222-D99078.mrna.R1.fastq.gz	/SPECS_5222-D99078.mrna.R2.fastq.gz
SPECS_5224-D99077	/SPECS_5224-D99077.mrna.R1.fastq.gz	/SPECS_5224-D99077.mrna.R2.fastq.gz
SPECS_5296-D99079	/SPECS_5296-D99079.mrna.R1.fastq.gz	/SPECS_5296-D99079.mrna.R2.fastq.gz
SPECS_5300-D76963	/SPECS_5300-D76963.mrna.R1.fastq.gz	/SPECS_5300-D76963.mrna.R2.fastq.gz
SPECS_5305-D76964	/SPECS_5305-D76964.mrna.R1.fastq.gz	/SPECS_5305-D76964.mrna.R2.fastq.gz
SPECS_5318-D76980	/SPECS_5318-D76980.mrna.R1.fastq.gz	/SPECS_5318-D76980.mrna.R2.fastq.gz
SPECS_5320-D77005	/SPECS_5320-D77005.mrna.R1.fastq.gz	/SPECS_5320-D77005.mrna.R2.fastq.gz
SPECS_5321-D76996	/SPECS_5321-D76996.mrna.R1.fastq.gz	/SPECS_5321-D76996.mrna.R2.fastq.gz
SPECS_5322-D76997	/SPECS_5322-D76997.mrna.R1.fastq.gz	/SPECS_5322-D76997.mrna.R2.fastq.gz
SPECS_5323-D77011	/SPECS_5323-D77011.mrna.R1.fastq.gz	/SPECS_5323-D77011.mrna.R2.fastq.gz
SPECS_5324-D76991	/SPECS_5324-D76991.mrna.R1.fastq.gz	/SPECS_5324-D76991.mrna.R2.fastq.gz
SPECS_5325-D77006	/SPECS_5325-D77006.mrna.R1.fastq.gz	/SPECS_5325-D77006.mrna.R2.fastq.gz
SPECS_5327-D77007	/SPECS_5327-D77007.mrna.R1.fastq.gz	/SPECS_5327-D77007.mrna.R2.fastq.gz
SPECS_5330-D76983	/SPECS_5330-D76983.mrna.R1.fastq.gz	/SPECS_5330-D76983.mrna.R2.fastq.gz
SPECS_5331-D76985	/SPECS_5331-D76985.mrna.R1.fastq.gz	/SPECS_5331-D76985.mrna.R2.fastq.gz
SPECS_5333-D76998	/SPECS_5333-D76998.mrna.R1.fastq.gz	/SPECS_5333-D76998.mrna.R2.fastq.gz
SPECS_5334-D76999	/SPECS_5334-D76999.mrna.R1.fastq.gz	/SPECS_5334-D76999.mrna.R2.fastq.gz
SPECS_5335-D77000	/SPECS_5335-D77000.mrna.R1.fastq.gz	/SPECS_5335-D77000.mrna.R2.fastq.gz
SPECS_5336-D77013	/SPECS_5336-D77013.mrna.R1.fastq.gz	/SPECS_5336-D77013.mrna.R2.fastq.gz
SPECS_5337-D77009	/SPECS_5337-D77009.mrna.R1.fastq.gz	/SPECS_5337-D77009.mrna.R2.fastq.gz
SPECS_5338-D77014	/SPECS_5338-D77014.mrna.R1.fastq.gz	/SPECS_5338-D77014.mrna.R2.fastq.gz
SPECS_5340-D76986	/SPECS_5340-D76986.mrna.R1.fastq.gz	/SPECS_5340-D76986.mrna.R2.fastq.gz
SPECS_5341-D77010	/SPECS_5341-D77010.mrna.R1.fastq.gz	/SPECS_5341-D77010.mrna.R2.fastq.gz
SPECS_5342-D76993	/SPECS_5342-D76993.mrna.R1.fastq.gz	/SPECS_5342-D76993.mrna.R2.fastq.gz
SPECS_5343-D76987	/SPECS_5343-D76987.mrna.R1.fastq.gz	/SPECS_5343-D76987.mrna.R2.fastq.gz
SPECS_5344-D76989	/SPECS_5344-D76989.mrna.R1.fastq.gz	/SPECS_5344-D76989.mrna.R2.fastq.gz
SPECS_5345-D76990	/SPECS_5345-D76990.mrna.R1.fastq.gz	/SPECS_5345-D76990.mrna.R2.fastq.gz
SPECS_5357-D99149	/SPECS_5357-D99149.mrna.R1.fastq.gz	/SPECS_5357-D99149.mrna.R2.fastq.gz
SPECS_5358-D99231	/SPECS_5358-D99231.mrna.R1.fastq.gz	/SPECS_5358-D99231.mrna.R2.fastq.gz
SPECS_5359-D99153	/SPECS_5359-D99153.mrna.R1.fastq.gz	/SPECS_5359-D99153.mrna.R2.fastq.gz
SPECS_5413-D99229	/SPECS_5413-D99229.mrna.R1.fastq.gz	/SPECS_5413-D99229.mrna.R2.fastq.gz
SPECS_5552-D99122	/SPECS_5552-D99122.mrna.R1.fastq.gz	/SPECS_5552-D99122.mrna.R2.fastq.gz
SPECS_5820-F25219	/SPECS_5820-F25219.mrna.R1.fastq.gz	/SPECS_5820-F25219.mrna.R2.fastq.gz
