file_name	data_path
DLC_0380-D74711.mrna.bam	/projects/dscott_prj/CCSRI_1500/transcriptomes/data/gsc_bam/DLC_0380-D74711.bam
DLC_0126-D74642.mrna.bam	/projects/dscott_prj/CCSRI_1500/transcriptomes/data/gsc_bam/DLC_0126-D74642.bam
DLC_0013-D74608.mrna.bam	/projects/dscott_prj/CCSRI_1500/transcriptomes/data/gsc_bam/DLC_0013-D74608.bam
CCS_0499-D76312.mrna.bam	/projects/dscott_prj/CCSRI_1500/transcriptomes/data/gsc_bam/CCS_0499-D76312.bam
DLC_0016-D74609.mrna.bam	/projects/dscott_prj/CCSRI_1500/transcriptomes/data/gsc_bam/DLC_0016-D74609.bam
CCS_0007-F00226.mrna.bam	/projects/dscott_prj/CCSRI_1500/transcriptomes/data/gsc_bam/CCS_0007-F00226.bam
CCS_1193-F115548.mrna.bam	/projects/dscott_prj/CCSRI_1500/transcriptomes/data/gsc_bam/CCS_1193-F115548.bam
CLC02067-F54439.mrna.bam	/projects/dscott_prj/CCSRI_1500/transcriptomes/data/gsc_bam/CLC02067-F54439.bam
DLC_0062-A61319.mrna.bam	/projects/dscott_prj/CCSRI_1500/transcriptomes/data/gsc_bam/DLC_0062-A61319.bam
DLC_0062-D74622.mrna.bam	/projects/dscott_prj/CCSRI_1500/transcriptomes/data/gsc_bam/DLC_0062-D74622.bam
DLC_0294-D74695.mrna.bam	/projects/dscott_prj/CCSRI_1500/transcriptomes/data/gsc_bam/DLC_0294-D74695.bam
CLC01982-F80164.mrna.bam	/projects/dscott_prj/CCSRI_1500/transcriptomes/data/gsc_bam/CLC01982-F80164.bam
CCS_1578-D76309.mrna.bam	/projects/dscott_prj/CCSRI_1500/transcriptomes/data/gsc_bam/CCS_1578-D76309.bam
04-29264T_rd.mrna.bam	/projects/rmorin/projects/gambl-repos/gambl-lhilton/data/mrna_bams/04-29264T_rd.hg38.bam
FL3005T1.mrna.bam	/projects/rmorin/projects/gambl-repos/gambl-lhilton/data/mrna_bams/FL3005T1.hg38.bam
DLC_0267-D74690.mrna.bam	/projects/dscott_prj/CCSRI_1500/transcriptomes/data/gsc_bam/DLC_0267-D74690.bam
05-18426T_rd.mrna.bam	/projects/rmorin/projects/gambl-repos/gambl-lhilton/data/mrna_bams/05-18426T_rd.hg38.bam
05-23110T_rd.mrna.bam	/projects/rmorin/projects/gambl-repos/gambl-lhilton/data/mrna_bams/05-23110T_rd.hg38.bam
DLC_0113-D74636.mrna.bam	/projects/dscott_prj/CCSRI_1500/transcriptomes/data/gsc_bam/DLC_0113-D74636.bam
CCS_0024-B38409.mrna.bam	/projects/dscott_prj/CCSRI_1500/transcriptomes/data/gsc_bam/CCS_0024-B38409.bam
CCS_1158-D99066.mrna.bam	/projects/dscott_prj/CCSRI_1500/transcriptomes/data/gsc_bam/CCS_1158-D99066.bam
DLC_0326-F117029.mrna.bam	/projects/dscott_prj/CCSRI_1500/transcriptomes/data/gsc_bam/DLC_0326-F117029.bam
CCS_1136-D76314.mrna.bam	/projects/dscott_prj/CCSRI_1500/transcriptomes/data/gsc_bam/CCS_1136-D76314.bam
CCS_1315-F115533.mrna.bam	/projects/dscott_prj/CCSRI_1500/transcriptomes/data/gsc_bam/CCS_1315-F115533.bam
DLC_0213-D74678.mrna.bam	/projects/dscott_prj/CCSRI_1500/transcriptomes/data/gsc_bam/DLC_0213-D74678.bam
CCS_0933-D85832.mrna.bam	/projects/dscott_prj/CCSRI_1500/transcriptomes/data/gsc_bam/CCS_0933-D85832.bam
CCS_0031-D85824.mrna.bam	/projects/dscott_prj/CCSRI_1500/transcriptomes/data/gsc_bam/CCS_0031-D85824.bam
DLC_0149-F80087.mrna.bam	/projects/dscott_prj/CCSRI_1500/transcriptomes/data/gsc_bam/DLC_0149-F80087.bam
CCS_1522-D85892.mrna.bam	/projects/dscott_prj/CCSRI_1500/transcriptomes/data/gsc_bam/CCS_1522-D85892.bam
DLC_0168-D74666.mrna.bam	/projects/dscott_prj/CCSRI_1500/transcriptomes/data/gsc_bam/DLC_0168-D74666.bam
CCS_1574-D76315.mrna.bam	/projects/dscott_prj/CCSRI_1500/transcriptomes/data/gsc_bam/CCS_1574-D76315.bam
CCS_0954-D85834.mrna.bam	/projects/dscott_prj/CCSRI_1500/transcriptomes/data/gsc_bam/CCS_0954-D85834.bam
CCS_0396-B22700.mrna.bam	/projects/dscott_prj/CCSRI_1500/transcriptomes/data/gsc_bam/CCS_0396-B22700.bam
DLC_0140-D74645.mrna.bam	/projects/dscott_prj/CCSRI_1500/transcriptomes/data/gsc_bam/DLC_0140-D74645.bam
06-16716T_rd.mrna.bam	/projects/rmorin/projects/gambl-repos/gambl-lhilton/data/mrna_bams/06-16716T_rd.hg38.bam
DLC_0357-D85881.mrna.bam	/projects/dscott_prj/CCSRI_1500/transcriptomes/data/gsc_bam/DLC_0357-D85881.bam
DLC_0357-D74705.mrna.bam	/projects/dscott_prj/CCSRI_1500/transcriptomes/data/gsc_bam/DLC_0357-D74705.bam
CCS_0941-F117032.mrna.bam	/projects/dscott_prj/CCSRI_1500/transcriptomes/data/gsc_bam/CCS_0941-F117032.bam
CCS_0600-B38474.mrna.bam	/projects/dscott_prj/CCSRI_1500/transcriptomes/data/gsc_bam/CCS_0600-B38474.bam
CCS_1322-D85884.mrna.bam	/projects/dscott_prj/CCSRI_1500/transcriptomes/data/gsc_bam/CCS_1322-D85884.bam
DLC_0171-D74668.mrna.bam	/projects/dscott_prj/CCSRI_1500/transcriptomes/data/gsc_bam/DLC_0171-D74668.bam
CCS_0042-B38410.mrna.bam	/projects/dscott_prj/CCSRI_1500/transcriptomes/data/gsc_bam/CCS_0042-B38410.bam
CCS_0959-F115537.mrna.bam	/projects/dscott_prj/CCSRI_1500/transcriptomes/data/gsc_bam/CCS_0959-F115537.bam
CLC00777-D85859.mrna.bam	/projects/dscott_prj/CCSRI_1500/transcriptomes/data/gsc_bam/CLC00777-D85859.bam
CCS_0949-D85876.mrna.bam	/projects/dscott_prj/CCSRI_1500/transcriptomes/data/gsc_bam/CCS_0949-D85876.bam
CCS_1524-D85887.mrna.bam	/projects/dscott_prj/CCSRI_1500/transcriptomes/data/gsc_bam/CCS_1524-D85887.bam
DLC_0202-D74673.mrna.bam	/projects/dscott_prj/CCSRI_1500/transcriptomes/data/gsc_bam/DLC_0202-D74673.bam
CCS_1446-D76316.mrna.bam	/projects/dscott_prj/CCSRI_1500/transcriptomes/data/gsc_bam/CCS_1446-D76316.bam
CLC00275-D85838.mrna.bam	/projects/dscott_prj/CCSRI_1500/transcriptomes/data/gsc_bam/CLC00275-D85838.bam
CLC00276-D85839.mrna.bam	/projects/dscott_prj/CCSRI_1500/transcriptomes/data/gsc_bam/CLC00276-D85839.bam
CLC00277-D85840.mrna.bam	/projects/dscott_prj/CCSRI_1500/transcriptomes/data/gsc_bam/CLC00277-D85840.bam
CCS_1466-F115543.mrna.bam	/projects/dscott_prj/CCSRI_1500/transcriptomes/data/gsc_bam/CCS_1466-F115543.bam
CCS_1453-D85972.mrna.bam	/projects/dscott_prj/CCSRI_1500/transcriptomes/data/gsc_bam/CCS_1453-D85972.bam
CCS_1527-D85888.mrna.bam	/projects/dscott_prj/CCSRI_1500/transcriptomes/data/gsc_bam/CCS_1527-D85888.bam
DLC_0154-D74650.mrna.bam	/projects/dscott_prj/CCSRI_1500/transcriptomes/data/gsc_bam/DLC_0154-D74650.bam
CCS_0608-D76297.mrna.bam	/projects/dscott_prj/CCSRI_1500/transcriptomes/data/gsc_bam/CCS_0608-D76297.bam
DLC_0359-D74706.mrna.bam	/projects/dscott_prj/CCSRI_1500/transcriptomes/data/gsc_bam/DLC_0359-D74706.bam
CCS_0430-D76310.mrna.bam	/projects/dscott_prj/CCSRI_1500/transcriptomes/data/gsc_bam/CCS_0430-D76310.bam
CCS_1508-D99072.mrna.bam	/projects/dscott_prj/CCSRI_1500/transcriptomes/data/gsc_bam/CCS_1508-D99072.bam
CCS_0722-D85835.mrna.bam	/projects/dscott_prj/CCSRI_1500/transcriptomes/data/gsc_bam/CCS_0722-D85835.bam
CCS_0891-F117031.mrna.bam	/projects/dscott_prj/CCSRI_1500/transcriptomes/data/gsc_bam/CCS_0891-F117031.bam
CCS_0063-F109242.mrna.bam	/projects/dscott_prj/CCSRI_1500/transcriptomes/data/gsc_bam/CCS_0063-F109242.bam
CCS_0617-D76324.mrna.bam	/projects/dscott_prj/CCSRI_1500/transcriptomes/data/gsc_bam/CCS_0617-D76324.bam
CCS_0070-D76303.mrna.bam	/projects/dscott_prj/CCSRI_1500/transcriptomes/data/gsc_bam/CCS_0070-D76303.bam
DLC_0344-D74704.mrna.bam	/projects/dscott_prj/CCSRI_1500/transcriptomes/data/gsc_bam/DLC_0344-D74704.bam
CCS_0889-D76317.mrna.bam	/projects/dscott_prj/CCSRI_1500/transcriptomes/data/gsc_bam/CCS_0889-D76317.bam
CCS_0624-D76311.mrna.bam	/projects/dscott_prj/CCSRI_1500/transcriptomes/data/gsc_bam/CCS_0624-D76311.bam
CCS_0545-F80083.mrna.bam	/projects/dscott_prj/CCSRI_1500/transcriptomes/data/gsc_bam/CCS_0545-F80083.bam
DLC_0313-D74696.mrna.bam	/projects/dscott_prj/CCSRI_1500/transcriptomes/data/gsc_bam/DLC_0313-D74696.bam
CCS_1328-D99068.mrna.bam	/projects/dscott_prj/CCSRI_1500/transcriptomes/data/gsc_bam/CCS_1328-D99068.bam
CLC00404-D85852.mrna.bam	/projects/dscott_prj/CCSRI_1500/transcriptomes/data/gsc_bam/CLC00404-D85852.bam
CCS_1379-D85886.mrna.bam	/projects/dscott_prj/CCSRI_1500/transcriptomes/data/gsc_bam/CCS_1379-D85886.bam
CCS_1113-D99064.mrna.bam	/projects/dscott_prj/CCSRI_1500/transcriptomes/data/gsc_bam/CCS_1113-D99064.bam
CCS_0807-D85872.mrna.bam	/projects/dscott_prj/CCSRI_1500/transcriptomes/data/gsc_bam/CCS_0807-D85872.bam
CCS_0628-F115523.mrna.bam	/projects/dscott_prj/CCSRI_1500/transcriptomes/data/gsc_bam/CCS_0628-F115523.bam
DLC_0282-D74693.mrna.bam	/projects/dscott_prj/CCSRI_1500/transcriptomes/data/gsc_bam/DLC_0282-D74693.bam
CCS_1333-D99069.mrna.bam	/projects/dscott_prj/CCSRI_1500/transcriptomes/data/gsc_bam/CCS_1333-D99069.bam
CCS_0762-D76318.mrna.bam	/projects/dscott_prj/CCSRI_1500/transcriptomes/data/gsc_bam/CCS_0762-D76318.bam
CCS_1252-D76319.mrna.bam	/projects/dscott_prj/CCSRI_1500/transcriptomes/data/gsc_bam/CCS_1252-D76319.bam
CCS_0389-B38414.mrna.bam	/projects/dscott_prj/CCSRI_1500/transcriptomes/data/gsc_bam/CCS_0389-B38414.bam
CCS_1257-D76320.mrna.bam	/projects/dscott_prj/CCSRI_1500/transcriptomes/data/gsc_bam/CCS_1257-D76320.bam
CCS_1025-D85879.mrna.bam	/projects/dscott_prj/CCSRI_1500/transcriptomes/data/gsc_bam/CCS_1025-D85879.bam
DLC_0252-D74686.mrna.bam	/projects/dscott_prj/CCSRI_1500/transcriptomes/data/gsc_bam/DLC_0252-D74686.bam
CCS_0087-B22691.mrna.bam	/projects/dscott_prj/CCSRI_1500/transcriptomes/data/gsc_bam/CCS_0087-B22691.bam
CCS_2042-F115549.mrna.bam	/projects/dscott_prj/CCSRI_1500/transcriptomes/data/gsc_bam/CCS_2042-F115549.bam
CCS_1284-D76321.mrna.bam	/projects/dscott_prj/CCSRI_1500/transcriptomes/data/gsc_bam/CCS_1284-D76321.bam
DLC_0269-D74692.mrna.bam	/projects/dscott_prj/CCSRI_1500/transcriptomes/data/gsc_bam/DLC_0269-D74692.bam
CCS_1342-D99070.mrna.bam	/projects/dscott_prj/CCSRI_1500/transcriptomes/data/gsc_bam/CCS_1342-D99070.bam
CCS_0465-D85827.mrna.bam	/projects/dscott_prj/CCSRI_1500/transcriptomes/data/gsc_bam/CCS_0465-D85827.bam
DLC_0166-D74654.mrna.bam	/projects/dscott_prj/CCSRI_1500/transcriptomes/data/gsc_bam/DLC_0166-D74654.bam
CCS_0093-D76304.mrna.bam	/projects/dscott_prj/CCSRI_1500/transcriptomes/data/gsc_bam/CCS_0093-D76304.bam
CCS_1304-D85833.mrna.bam	/projects/dscott_prj/CCSRI_1500/transcriptomes/data/gsc_bam/CCS_1304-D85833.bam
DLC_0364-D74707.mrna.bam	/projects/dscott_prj/CCSRI_1500/transcriptomes/data/gsc_bam/DLC_0364-D74707.bam
CCS_0099-B38411.mrna.bam	/projects/dscott_prj/CCSRI_1500/transcriptomes/data/gsc_bam/CCS_0099-B38411.bam
CCS_0764-F115535.mrna.bam	/projects/dscott_prj/CCSRI_1500/transcriptomes/data/gsc_bam/CCS_0764-F115535.bam
CCS_1345-D99071.mrna.bam	/projects/dscott_prj/CCSRI_1500/transcriptomes/data/gsc_bam/CCS_1345-D99071.bam
CLC01963-F54418.mrna.bam	/projects/dscott_prj/CCSRI_1500/transcriptomes/data/gsc_bam/CLC01963-F54418.bam
CCS_1115-D99065.mrna.bam	/projects/dscott_prj/CCSRI_1500/transcriptomes/data/gsc_bam/CCS_1115-D99065.bam
09-41082T_rd.mrna.bam	/projects/rmorin/projects/gambl-repos/gambl-lhilton/data/mrna_bams/09-41082T_rd.hg38.bam
CCS_0898-F80084.mrna.bam	/projects/dscott_prj/CCSRI_1500/transcriptomes/data/gsc_bam/CCS_0898-F80084.bam
CCS_0655-D76298.mrna.bam	/projects/dscott_prj/CCSRI_1500/transcriptomes/data/gsc_bam/CCS_0655-D76298.bam
CCS_1052-D99063.mrna.bam	/projects/dscott_prj/CCSRI_1500/transcriptomes/data/gsc_bam/CCS_1052-D99063.bam
CCS_1493-D85891.mrna.bam	/projects/dscott_prj/CCSRI_1500/transcriptomes/data/gsc_bam/CCS_1493-D85891.bam
CCS_0656-D85826.mrna.bam	/projects/dscott_prj/CCSRI_1500/transcriptomes/data/gsc_bam/CCS_0656-D85826.bam
DLC_0097-D74631.mrna.bam	/projects/dscott_prj/CCSRI_1500/transcriptomes/data/gsc_bam/DLC_0097-D74631.bam
10-18191T_rd.mrna.bam	/projects/rmorin/projects/gambl-repos/gambl-lhilton/data/mrna_bams/10-18191T_rd.hg38.bam
CLC00813-D85855.mrna.bam	/projects/dscott_prj/CCSRI_1500/transcriptomes/data/gsc_bam/CLC00813-D85855.bam
CLC00522-D85858.mrna.bam	/projects/dscott_prj/CCSRI_1500/transcriptomes/data/gsc_bam/CLC00522-D85858.bam
CCS_0120-D85825.mrna.bam	/projects/dscott_prj/CCSRI_1500/transcriptomes/data/gsc_bam/CCS_0120-D85825.bam
DLC_0146-D74648.mrna.bam	/projects/dscott_prj/CCSRI_1500/transcriptomes/data/gsc_bam/DLC_0146-D74648.bam
CCS_0126-D76305.mrna.bam	/projects/dscott_prj/CCSRI_1500/transcriptomes/data/gsc_bam/CCS_0126-D76305.bam
CCS_0138-B38426.mrna.bam	/projects/dscott_prj/CCSRI_1500/transcriptomes/data/gsc_bam/CCS_0138-B38426.bam
CCS_0142-D76326.mrna.bam	/projects/dscott_prj/CCSRI_1500/transcriptomes/data/gsc_bam/CCS_0142-D76326.bam
CCS_0149-F115522.mrna.bam	/projects/dscott_prj/CCSRI_1500/transcriptomes/data/gsc_bam/CCS_0149-F115522.bam
CLC00345-D85848.mrna.bam	/projects/dscott_prj/CCSRI_1500/transcriptomes/data/gsc_bam/CLC00345-D85848.bam
CCS_0171-D76301.mrna.bam	/projects/dscott_prj/CCSRI_1500/transcriptomes/data/gsc_bam/CCS_0171-D76301.bam
DLC_0224-D74682.mrna.bam	/projects/dscott_prj/CCSRI_1500/transcriptomes/data/gsc_bam/DLC_0224-D74682.bam
CCS_0186-D99412.mrna.bam	/projects/dscott_prj/CCSRI_1500/transcriptomes/data/gsc_bam/CCS_0186-D99412.bam
CCS_0194-B22693.mrna.bam	/projects/dscott_prj/CCSRI_1500/transcriptomes/data/gsc_bam/CCS_0194-B22693.bam
CCS_0200-D76327.mrna.bam	/projects/dscott_prj/CCSRI_1500/transcriptomes/data/gsc_bam/CCS_0200-D76327.bam
CCS_0212-D76308.mrna.bam	/projects/dscott_prj/CCSRI_1500/transcriptomes/data/gsc_bam/CCS_0212-D76308.bam
CCS_0235-B78366.mrna.bam	/projects/dscott_prj/CCSRI_1500/transcriptomes/data/gsc_bam/CCS_0235-B78366.bam
CCS_0265-D85969.mrna.bam	/projects/dscott_prj/CCSRI_1500/transcriptomes/data/gsc_bam/CCS_0265-D85969.bam
DLC_0044-D74618.mrna.bam	/projects/dscott_prj/CCSRI_1500/transcriptomes/data/gsc_bam/DLC_0044-D74618.bam
CCS_0277-B38412.mrna.bam	/projects/dscott_prj/CCSRI_1500/transcriptomes/data/gsc_bam/CCS_0277-B38412.bam
CCS_0285-D76331.mrna.bam	/projects/dscott_prj/CCSRI_1500/transcriptomes/data/gsc_bam/CCS_0285-D76331.bam
DLC_0341-D74703.mrna.bam	/projects/dscott_prj/CCSRI_1500/transcriptomes/data/gsc_bam/DLC_0341-D74703.bam
CLC01967-F80180.mrna.bam	/projects/dscott_prj/CCSRI_1500/transcriptomes/data/gsc_bam/CLC01967-F80180.bam
DLC_0039-D74616.mrna.bam	/projects/dscott_prj/CCSRI_1500/transcriptomes/data/gsc_bam/DLC_0039-D74616.bam
DLC_0208-D74677.mrna.bam	/projects/dscott_prj/CCSRI_1500/transcriptomes/data/gsc_bam/DLC_0208-D74677.bam
CLC00284-D85843.mrna.bam	/projects/dscott_prj/CCSRI_1500/transcriptomes/data/gsc_bam/CLC00284-D85843.bam
CCS_0303-B22694.mrna.bam	/projects/dscott_prj/CCSRI_1500/transcriptomes/data/gsc_bam/CCS_0303-B22694.bam
CLC00285-D85844.mrna.bam	/projects/dscott_prj/CCSRI_1500/transcriptomes/data/gsc_bam/CLC00285-D85844.bam
CLC02068-F54440.mrna.bam	/projects/dscott_prj/CCSRI_1500/transcriptomes/data/gsc_bam/CLC02068-F54440.bam
CCS_0395-B22728.mrna.bam	/projects/dscott_prj/CCSRI_1500/transcriptomes/data/gsc_bam/CCS_0395-B22728.bam
CLC01983-F80190.mrna.bam	/projects/dscott_prj/CCSRI_1500/transcriptomes/data/gsc_bam/CLC01983-F80190.bam
CLC00348-D85849.mrna.bam	/projects/dscott_prj/CCSRI_1500/transcriptomes/data/gsc_bam/CLC00348-D85849.bam
CCS_0308-B22695.mrna.bam	/projects/dscott_prj/CCSRI_1500/transcriptomes/data/gsc_bam/CCS_0308-B22695.bam
CLC02076-F80197.mrna.bam	/projects/dscott_prj/CCSRI_1500/transcriptomes/data/gsc_bam/CLC02076-F80197.bam
CCS_0320-B22724.mrna.bam	/projects/dscott_prj/CCSRI_1500/transcriptomes/data/gsc_bam/CCS_0320-B22724.bam
CLC00289-D85845.mrna.bam	/projects/dscott_prj/CCSRI_1500/transcriptomes/data/gsc_bam/CLC00289-D85845.bam
GE0142-F80165.mrna.bam	/projects/dscott_prj/CCSRI_1500/transcriptomes/data/gsc_bam/GE0142-F80165.bam
CCS_0328-B22696.mrna.bam	/projects/dscott_prj/CCSRI_1500/transcriptomes/data/gsc_bam/CCS_0328-B22696.bam
CLC02133-F80218.mrna.bam	/projects/dscott_prj/CCSRI_1500/transcriptomes/data/gsc_bam/CLC02133-F80218.bam
CCS_0390-B65881.mrna.bam	/projects/dscott_prj/CCSRI_1500/transcriptomes/data/gsc_bam/CCS_0390-B65881.bam
14-41250_CLC03290.mrna.bam	/projects/rmorin/projects/gambl-repos/gambl-lhilton/data/mrna_bams/14-41250_CLC03290.hg38.bam
CLC02020-F80170.mrna.bam	/projects/dscott_prj/CCSRI_1500/transcriptomes/data/gsc_bam/CLC02020-F80170.bam
CLC02075-F54442.mrna.bam	/projects/dscott_prj/CCSRI_1500/transcriptomes/data/gsc_bam/CLC02075-F54442.bam
CCS_0343-B38413.mrna.bam	/projects/dscott_prj/CCSRI_1500/transcriptomes/data/gsc_bam/CCS_0343-B38413.bam
CLC02021-F80171.mrna.bam	/projects/dscott_prj/CCSRI_1500/transcriptomes/data/gsc_bam/CLC02021-F80171.bam
CLC01972-F54392.mrna.bam	/projects/dscott_prj/CCSRI_1500/transcriptomes/data/gsc_bam/CLC01972-F54392.bam
CLC02071-F54441.mrna.bam	/projects/dscott_prj/CCSRI_1500/transcriptomes/data/gsc_bam/CLC02071-F54441.bam
CLC02053-F80175.mrna.bam	/projects/dscott_prj/CCSRI_1500/transcriptomes/data/gsc_bam/CLC02053-F80175.bam
CCS_0361-B22697.mrna.bam	/projects/dscott_prj/CCSRI_1500/transcriptomes/data/gsc_bam/CCS_0361-B22697.bam
CLC01962-F54417.mrna.bam	/projects/dscott_prj/CCSRI_1500/transcriptomes/data/gsc_bam/CLC01962-F54417.bam
CCS_0363-B22698.mrna.bam	/projects/dscott_prj/CCSRI_1500/transcriptomes/data/gsc_bam/CCS_0363-B22698.bam
CLC02057-F54433.mrna.bam	/projects/dscott_prj/CCSRI_1500/transcriptomes/data/gsc_bam/CLC02057-F54433.bam
CCS_0391-B22699.mrna.bam	/projects/dscott_prj/CCSRI_1500/transcriptomes/data/gsc_bam/CCS_0391-B22699.bam
CLC02026-F80172.mrna.bam	/projects/dscott_prj/CCSRI_1500/transcriptomes/data/gsc_bam/CLC02026-F80172.bam
CLC01980-F54396.mrna.bam	/projects/dscott_prj/CCSRI_1500/transcriptomes/data/gsc_bam/CLC01980-F54396.bam
CLC00355-D85851.mrna.bam	/projects/dscott_prj/CCSRI_1500/transcriptomes/data/gsc_bam/CLC00355-D85851.bam
CLC02059-F80193.mrna.bam	/projects/dscott_prj/CCSRI_1500/transcriptomes/data/gsc_bam/CLC02059-F80193.bam
CLC02033-F54407.mrna.bam	/projects/dscott_prj/CCSRI_1500/transcriptomes/data/gsc_bam/CLC02033-F54407.bam
CLC01993-F54400.mrna.bam	/projects/dscott_prj/CCSRI_1500/transcriptomes/data/gsc_bam/CLC01993-F54400.bam
CLC02065-F54438.mrna.bam	/projects/dscott_prj/CCSRI_1500/transcriptomes/data/gsc_bam/CLC02065-F54438.bam
CLC00344-D85856.mrna.bam	/projects/dscott_prj/CCSRI_1500/transcriptomes/data/gsc_bam/CLC00344-D85856.bam
CLC02080-F80201.mrna.bam	/projects/dscott_prj/CCSRI_1500/transcriptomes/data/gsc_bam/CLC02080-F80201.bam
CLC02001-F54401.mrna.bam	/projects/dscott_prj/CCSRI_1500/transcriptomes/data/gsc_bam/CLC02001-F54401.bam
CLC01992-F54399.mrna.bam	/projects/dscott_prj/CCSRI_1500/transcriptomes/data/gsc_bam/CLC01992-F54399.bam
CCS_2011-B76970.mrna.bam	/projects/dscott_prj/CCSRI_1500/transcriptomes/data/gsc_bam/CCS_2011-B76970.bam
CLC01956-F80178.mrna.bam	/projects/dscott_prj/CCSRI_1500/transcriptomes/data/gsc_bam/CLC01956-F80178.bam
CLC00340-D85847.mrna.bam	/projects/dscott_prj/CCSRI_1500/transcriptomes/data/gsc_bam/CLC00340-D85847.bam
CLC00346-D85863.mrna.bam	/projects/dscott_prj/CCSRI_1500/transcriptomes/data/gsc_bam/CLC00346-D85863.bam
CLC02085-F80176.mrna.bam	/projects/dscott_prj/CCSRI_1500/transcriptomes/data/gsc_bam/CLC02085-F80176.bam
CLC01969-F54391.mrna.bam	/projects/dscott_prj/CCSRI_1500/transcriptomes/data/gsc_bam/CLC01969-F54391.bam
CCS_2012-B76971.mrna.bam	/projects/dscott_prj/CCSRI_1500/transcriptomes/data/gsc_bam/CCS_2012-B76971.bam
CLC02070-F54430.mrna.bam	/projects/dscott_prj/CCSRI_1500/transcriptomes/data/gsc_bam/CLC02070-F54430.bam
CLC01996-F54419.mrna.bam	/projects/dscott_prj/CCSRI_1500/transcriptomes/data/gsc_bam/CLC01996-F54419.bam
CLC02069-F54429.mrna.bam	/projects/dscott_prj/CCSRI_1500/transcriptomes/data/gsc_bam/CLC02069-F54429.bam
CLC02030-F54406.mrna.bam	/projects/dscott_prj/CCSRI_1500/transcriptomes/data/gsc_bam/CLC02030-F54406.bam
CLC02081-F54443.mrna.bam	/projects/dscott_prj/CCSRI_1500/transcriptomes/data/gsc_bam/CLC02081-F54443.bam
CLC02040-F80173.mrna.bam	/projects/dscott_prj/CCSRI_1500/transcriptomes/data/gsc_bam/CLC02040-F80173.bam
CLC01977-F54394.mrna.bam	/projects/dscott_prj/CCSRI_1500/transcriptomes/data/gsc_bam/CLC01977-F54394.bam
CCS_0902-F115532.mrna.bam	/projects/dscott_prj/CCSRI_1500/transcriptomes/data/gsc_bam/CCS_0902-F115532.bam
CLC02058-F80192.mrna.bam	/projects/dscott_prj/CCSRI_1500/transcriptomes/data/gsc_bam/CLC02058-F80192.bam
CCS_1168-D99067.mrna.bam	/projects/dscott_prj/CCSRI_1500/transcriptomes/data/gsc_bam/CCS_1168-D99067.bam
CCS_1879-D76322.mrna.bam	/projects/dscott_prj/CCSRI_1500/transcriptomes/data/gsc_bam/CCS_1879-D76322.bam
CCS_1526-D76323.mrna.bam	/projects/dscott_prj/CCSRI_1500/transcriptomes/data/gsc_bam/CCS_1526-D76323.bam
CCS_1014-D85878.mrna.bam	/projects/dscott_prj/CCSRI_1500/transcriptomes/data/gsc_bam/CCS_1014-D85878.bam
CCS_1832-D85889.mrna.bam	/projects/dscott_prj/CCSRI_1500/transcriptomes/data/gsc_bam/CCS_1832-D85889.bam
DLC_0147-D74649.mrna.bam	/projects/dscott_prj/CCSRI_1500/transcriptomes/data/gsc_bam/DLC_0147-D74649.bam
CLC02009-F80167.mrna.bam	/projects/dscott_prj/CCSRI_1500/transcriptomes/data/gsc_bam/CLC02009-F80167.bam
97-14402T_rd.mrna.bam	/projects/rmorin/projects/gambl-repos/gambl-lhilton/data/mrna_bams/97-14402T_rd.hg38.bam
CCS_0767-D85971.mrna.bam	/projects/dscott_prj/CCSRI_1500/transcriptomes/data/gsc_bam/CCS_0767-D85971.bam
SPECS_4830-D77012.mrna.bam	/projects/dscott_prj/CCSRI_1500/transcriptomes/data/gsc_bam/SPECS_4830-D77012.bam
SPECS_4831-D76988.mrna.bam	/projects/dscott_prj/CCSRI_1500/transcriptomes/data/gsc_bam/SPECS_4831-D76988.bam
SPECS_4833-D76982.mrna.bam	/projects/dscott_prj/CCSRI_1500/transcriptomes/data/gsc_bam/SPECS_4833-D76982.bam
SPECS_4836-D76984.mrna.bam	/projects/dscott_prj/CCSRI_1500/transcriptomes/data/gsc_bam/SPECS_4836-D76984.bam
SPECS_4837-D76995.mrna.bam	/projects/dscott_prj/CCSRI_1500/transcriptomes/data/gsc_bam/SPECS_4837-D76995.bam
SPECS_4841-D77003.mrna.bam	/projects/dscott_prj/CCSRI_1500/transcriptomes/data/gsc_bam/SPECS_4841-D77003.bam
SPECS_4842-D77004.mrna.bam	/projects/dscott_prj/CCSRI_1500/transcriptomes/data/gsc_bam/SPECS_4842-D77004.bam
SPECS_4844-D77002.mrna.bam	/projects/dscott_prj/CCSRI_1500/transcriptomes/data/gsc_bam/SPECS_4844-D77002.bam
SPECS_4848-D77001.mrna.bam	/projects/dscott_prj/CCSRI_1500/transcriptomes/data/gsc_bam/SPECS_4848-D77001.bam
SPECS_4893-B94627.mrna.bam	/projects/dscott_prj/CCSRI_1500/transcriptomes/data/gsc_bam/SPECS_4893-B94627.bam
SPECS_4894-B94628.mrna.bam	/projects/dscott_prj/CCSRI_1500/transcriptomes/data/gsc_bam/SPECS_4894-B94628.bam
SPECS_4896-B94630.mrna.bam	/projects/dscott_prj/CCSRI_1500/transcriptomes/data/gsc_bam/SPECS_4896-B94630.bam
SPECS_4899-B94633.mrna.bam	/projects/dscott_prj/CCSRI_1500/transcriptomes/data/gsc_bam/SPECS_4899-B94633.bam
SPECS_4902-B94636.mrna.bam	/projects/dscott_prj/CCSRI_1500/transcriptomes/data/gsc_bam/SPECS_4902-B94636.bam
SPECS_4903-B94637.mrna.bam	/projects/dscott_prj/CCSRI_1500/transcriptomes/data/gsc_bam/SPECS_4903-B94637.bam
SPECS_4904-B94638.mrna.bam	/projects/dscott_prj/CCSRI_1500/transcriptomes/data/gsc_bam/SPECS_4904-B94638.bam
SPECS_4908-D76994.mrna.bam	/projects/dscott_prj/CCSRI_1500/transcriptomes/data/gsc_bam/SPECS_4908-D76994.bam
SPECS_4993-D99163.mrna.bam	/projects/dscott_prj/CCSRI_1500/transcriptomes/data/gsc_bam/SPECS_4993-D99163.bam
SPECS_5000-D99169.mrna.bam	/projects/dscott_prj/CCSRI_1500/transcriptomes/data/gsc_bam/SPECS_5000-D99169.bam
SPECS_5012-D99180.mrna.bam	/projects/dscott_prj/CCSRI_1500/transcriptomes/data/gsc_bam/SPECS_5012-D99180.bam
SPECS_5013-D99181.mrna.bam	/projects/dscott_prj/CCSRI_1500/transcriptomes/data/gsc_bam/SPECS_5013-D99181.bam
SPECS_5074-D76965.mrna.bam	/projects/dscott_prj/CCSRI_1500/transcriptomes/data/gsc_bam/SPECS_5074-D76965.bam
SPECS_5075-D76966.mrna.bam	/projects/dscott_prj/CCSRI_1500/transcriptomes/data/gsc_bam/SPECS_5075-D76966.bam
SPECS_5077-D76968.mrna.bam	/projects/dscott_prj/CCSRI_1500/transcriptomes/data/gsc_bam/SPECS_5077-D76968.bam
SPECS_5078-D76969.mrna.bam	/projects/dscott_prj/CCSRI_1500/transcriptomes/data/gsc_bam/SPECS_5078-D76969.bam
SPECS_5084-D76974.mrna.bam	/projects/dscott_prj/CCSRI_1500/transcriptomes/data/gsc_bam/SPECS_5084-D76974.bam
SPECS_5085-D76975.mrna.bam	/projects/dscott_prj/CCSRI_1500/transcriptomes/data/gsc_bam/SPECS_5085-D76975.bam
SPECS_5089-D76976.mrna.bam	/projects/dscott_prj/CCSRI_1500/transcriptomes/data/gsc_bam/SPECS_5089-D76976.bam
SPECS_5090-D76977.mrna.bam	/projects/dscott_prj/CCSRI_1500/transcriptomes/data/gsc_bam/SPECS_5090-D76977.bam
SPECS_5198-D99076.mrna.bam	/projects/dscott_prj/CCSRI_1500/transcriptomes/data/gsc_bam/SPECS_5198-D99076.bam
SPECS_5222-D99078.mrna.bam	/projects/dscott_prj/CCSRI_1500/transcriptomes/data/gsc_bam/SPECS_5222-D99078.bam
SPECS_5224-D99077.mrna.bam	/projects/dscott_prj/CCSRI_1500/transcriptomes/data/gsc_bam/SPECS_5224-D99077.bam
SPECS_5296-D99079.mrna.bam	/projects/dscott_prj/CCSRI_1500/transcriptomes/data/gsc_bam/SPECS_5296-D99079.bam
SPECS_5300-D76963.mrna.bam	/projects/dscott_prj/CCSRI_1500/transcriptomes/data/gsc_bam/SPECS_5300-D76963.bam
SPECS_5305-D76964.mrna.bam	/projects/dscott_prj/CCSRI_1500/transcriptomes/data/gsc_bam/SPECS_5305-D76964.bam
SPECS_5318-D76980.mrna.bam	/projects/dscott_prj/CCSRI_1500/transcriptomes/data/gsc_bam/SPECS_5318-D76980.bam
SPECS_5320-D77005.mrna.bam	/projects/dscott_prj/CCSRI_1500/transcriptomes/data/gsc_bam/SPECS_5320-D77005.bam
SPECS_5321-D76996.mrna.bam	/projects/dscott_prj/CCSRI_1500/transcriptomes/data/gsc_bam/SPECS_5321-D76996.bam
SPECS_5322-D76997.mrna.bam	/projects/dscott_prj/CCSRI_1500/transcriptomes/data/gsc_bam/SPECS_5322-D76997.bam
SPECS_5323-D77011.mrna.bam	/projects/dscott_prj/CCSRI_1500/transcriptomes/data/gsc_bam/SPECS_5323-D77011.bam
SPECS_5324-D76991.mrna.bam	/projects/dscott_prj/CCSRI_1500/transcriptomes/data/gsc_bam/SPECS_5324-D76991.bam
SPECS_5325-D77006.mrna.bam	/projects/dscott_prj/CCSRI_1500/transcriptomes/data/gsc_bam/SPECS_5325-D77006.bam
SPECS_5327-D77007.mrna.bam	/projects/dscott_prj/CCSRI_1500/transcriptomes/data/gsc_bam/SPECS_5327-D77007.bam
SPECS_5330-D76983.mrna.bam	/projects/dscott_prj/CCSRI_1500/transcriptomes/data/gsc_bam/SPECS_5330-D76983.bam
SPECS_5331-D76985.mrna.bam	/projects/dscott_prj/CCSRI_1500/transcriptomes/data/gsc_bam/SPECS_5331-D76985.bam
SPECS_5333-D76998.mrna.bam	/projects/dscott_prj/CCSRI_1500/transcriptomes/data/gsc_bam/SPECS_5333-D76998.bam
SPECS_5334-D76999.mrna.bam	/projects/dscott_prj/CCSRI_1500/transcriptomes/data/gsc_bam/SPECS_5334-D76999.bam
SPECS_5335-D77000.mrna.bam	/projects/dscott_prj/CCSRI_1500/transcriptomes/data/gsc_bam/SPECS_5335-D77000.bam
SPECS_5336-D77013.mrna.bam	/projects/dscott_prj/CCSRI_1500/transcriptomes/data/gsc_bam/SPECS_5336-D77013.bam
SPECS_5337-D77009.mrna.bam	/projects/dscott_prj/CCSRI_1500/transcriptomes/data/gsc_bam/SPECS_5337-D77009.bam
SPECS_5338-D77014.mrna.bam	/projects/dscott_prj/CCSRI_1500/transcriptomes/data/gsc_bam/SPECS_5338-D77014.bam
SPECS_5340-D76986.mrna.bam	/projects/dscott_prj/CCSRI_1500/transcriptomes/data/gsc_bam/SPECS_5340-D76986.bam
SPECS_5341-D77010.mrna.bam	/projects/dscott_prj/CCSRI_1500/transcriptomes/data/gsc_bam/SPECS_5341-D77010.bam
SPECS_5342-D76993.mrna.bam	/projects/dscott_prj/CCSRI_1500/transcriptomes/data/gsc_bam/SPECS_5342-D76993.bam
SPECS_5343-D76987.mrna.bam	/projects/dscott_prj/CCSRI_1500/transcriptomes/data/gsc_bam/SPECS_5343-D76987.bam
SPECS_5344-D76989.mrna.bam	/projects/dscott_prj/CCSRI_1500/transcriptomes/data/gsc_bam/SPECS_5344-D76989.bam
SPECS_5345-D76990.mrna.bam	/projects/dscott_prj/CCSRI_1500/transcriptomes/data/gsc_bam/SPECS_5345-D76990.bam
SPECS_5357-D99149.mrna.bam	/projects/dscott_prj/CCSRI_1500/transcriptomes/data/gsc_bam/SPECS_5357-D99149.bam
SPECS_5358-D99231.mrna.bam	/projects/dscott_prj/CCSRI_1500/transcriptomes/data/gsc_bam/SPECS_5358-D99231.bam
SPECS_5359-D99153.mrna.bam	/projects/dscott_prj/CCSRI_1500/transcriptomes/data/gsc_bam/SPECS_5359-D99153.bam
SPECS_5413-D99229.mrna.bam	/projects/dscott_prj/CCSRI_1500/transcriptomes/data/gsc_bam/SPECS_5413-D99229.bam
SPECS_5552-D99122.mrna.bam	/projects/dscott_prj/CCSRI_1500/transcriptomes/data/gsc_bam/SPECS_5552-D99122.bam
SPECS_5820-F25219.mrna.bam	/projects/dscott_prj/CCSRI_1500/transcriptomes/data/gsc_bam/SPECS_5820-F25219.bam
